bloque,tratamiento,nitrógeno,peso
1,T4,0,1.085
1,T4,0,0.965
1,T4,0,0.775
1,T4,0,0.96
1,T4,0,0.865
1,T4,0,0.915
1,T4,0,0.795
1,T4,0,0.85
1,T4,0,0.885
1,T4,0,0.645
1,T4,0,0.91
1,T4,0,0.96
1,T4,0,0.775
1,T4,0,0.52
1,T4,0,0.95
1,T4,0,0.8
1,T4,0,0.95
1,T4,0,0.965
1,T4,0,0.915
1,T4,0,0.855
1,T4,0,1.145
1,T4,0,0.835
1,T4,0,0.886
1,T4,0,1.045
1,T4,0,1.125
1,T4,0,0.92
1,T3,62.5,0.705
1,T3,62.5,0.75
1,T3,62.5,0.85
1,T3,62.5,0.685
1,T3,62.5,0.805
1,T3,62.5,0.785
1,T3,62.5,1.5
1,T3,62.5,0.915
1,T3,62.5,1.025
1,T3,62.5,0.95
1,T3,62.5,0.65
1,T3,62.5,0.605
1,T3,62.5,0.215
1,T3,62.5,0.325
1,T3,62.5,0.795
1,T3,62.5,0.615
1,T3,62.5,0.745
1,T3,62.5,1.135
1,T3,62.5,0.925
1,T3,62.5,1.055
1,T3,62.5,0.88
1,T3,62.5,1.255
1,T3,62.5,1.85
1,T3,62.5,1.295
1,T3,62.5,1.27
1,T3,62.5,1.415
1,T1,125,1.27
1,T1,125,1.415
1,T1,125,1.055
1,T1,125,1.135
1,T1,125,1.3
1,T1,125,1.315
1,T1,125,0.95
1,T1,125,1.075
1,T1,125,0.985
1,T1,125,1.57
1,T1,125,0.88
1,T1,125,0.975
1,T1,125,0.825
1,T1,125,0.915
1,T1,125,1.135
1,T1,125,1.135
1,T1,125,1.03
1,T1,125,1.105
1,T1,125,0.715
1,T1,125,0.75
1,T1,125,1.215
1,T1,125,1.135
1,T1,125,0.81
1,T1,125,0.925
1,T1,125,0.905
1,T1,125,1.13
1,T2,125,1.15
1,T2,125,1.44
1,T2,125,1.345
1,T2,125,1.405
1,T2,125,1.9
1,T2,125,0.825
1,T2,125,1.44
1,T2,125,0.805
1,T2,125,0.76
1,T2,125,0.845
1,T2,125,0.765
1,T2,125,0.98
1,T2,125,1.015
1,T2,125,0.74
1,T2,125,1.415
1,T2,125,0.725
1,T2,125,1.005
1,T2,125,0.885
1,T2,125,0.745
1,T2,125,0.645
1,T2,125,0.595
1,T2,125,0.955
1,T2,125,0.93
1,T2,125,0.53
1,T2,125,1.05
1,T2,125,1.24
2,T3,62.5,0.845
2,T3,62.5,1025
2,T3,62.5,0.72
2,T3,62.5,0.655
2,T3,62.5,0.69
2,T3,62.5,0.795
2,T3,62.5,1075
2,T3,62.5,0.645
2,T3,62.5,0.215
2,T3,62.5,0.665
2,T3,62.5,0.665
2,T3,62.5,0.265
2,T3,62.5,0.435
2,T3,62.5,0.29
2,T3,62.5,0.5
2,T3,62.5,0.33
2,T3,62.5,0.845
2,T3,62.5,1.045
2,T3,62.5,0.905
2,T3,62.5,0.885
2,T3,62.5,0.74
2,T3,62.5,0.765
2,T3,62.5,0.64
2,T3,62.5,0.445
2,T3,62.5,0.515
2,T3,62.5,0.46
2,T1,125,0.705
2,T1,125,0.945
2,T1,125,1.07
2,T1,125,1.06
2,T1,125,1.315
2,T1,125,1.285
2,T1,125,1.03
2,T1,125,1.1
2,T1,125,1.96
2,T1,125,0.93
2,T1,125,1.145
2,T1,125,1.17
2,T1,125,1.04
2,T1,125,0.98
2,T1,125,1.1
2,T1,125,1.39
2,T1,125,0.94
2,T1,125,0.935
2,T1,125,1.085
2,T1,125,0.905
2,T1,125,1.19
2,T1,125,1.14
2,T1,125,1.19
2,T1,125,0.87
2,T1,125,1.12
2,T1,125,0.95
2,T2,125,0.675
2,T2,125,0.63
2,T2,125,0.97
2,T2,125,0.8
2,T2,125,1.01
2,T2,125,0.91
2,T2,125,0.92
2,T2,125,0.685
2,T2,125,0.69
2,T2,125,0.89
2,T2,125,0.76
2,T2,125,0.575
2,T2,125,0.55
2,T2,125,0.825
2,T2,125,0.765
2,T2,125,1.155
2,T2,125,1.545
2,T2,125,1.04
2,T2,125,1.275
2,T2,125,1.625
2,T2,125,0.995
2,T2,125,0.97
2,T2,125,0.9
2,T2,125,1.115
2,T2,125,1.08
2,T2,125,1.245
2,T4,0,0.8
2,T4,0,0.84
2,T4,0,0.57
2,T4,0,0.7
2,T4,0,0.345
2,T4,0,0.44
2,T4,0,0.785
2,T4,0,0.84
2,T4,0,0.905
2,T4,0,0.64
2,T4,0,0.145
2,T4,0,0.475
2,T4,0,0.325
2,T4,0,0.255
2,T4,0,0.145
2,T4,0,0.31
2,T4,0,0.18
2,T4,0,0.145
2,T4,0,0.255
2,T4,0,0.51
2,T4,0,0.355
2,T4,0,0.31
2,T4,0,0.175
2,T4,0,0.31
2,T4,0,0.285
2,T4,0,0.205
3,T1,125,0.495
3,T1,125,0.36
3,T1,125,0.17
3,T1,125,0.15
3,T1,125,0.225
3,T1,125,0.18
3,T1,125,0.1
3,T1,125,0.105
3,T1,125,0.115
3,T1,125,0.55
3,T1,125,0.67
3,T1,125,0.26
3,T1,125,0.175
3,T1,125,0.235
3,T1,125,0.305
3,T1,125,0.84
3,T1,125,0.665
3,T1,125,0.44
3,T1,125,0.21
3,T1,125,0.145
3,T1,125,0.25
3,T1,125,0.21
3,T1,125,0.18
3,T1,125,0.355
3,T1,125,0.245
3,T1,125,0.415
3,T3,62.5,0.4
3,T3,62.5,0.63
3,T3,62.5,0.61
3,T3,62.5,0.53
3,T3,62.5,0.365
3,T3,62.5,0.415
3,T3,62.5,0.58
3,T3,62.5,0.33
3,T3,62.5,0.365
3,T3,62.5,0.16
3,T3,62.5,0.33
3,T3,62.5,0.185
3,T3,62.5,0.16
3,T3,62.5,0.28
3,T3,62.5,0.28
3,T3,62.5,0.135
3,T3,62.5,0.2
3,T3,62.5,0.245
3,T3,62.5,0.365
3,T3,62.5,0.15
3,T3,62.5,0.215
3,T3,62.5,0.2
3,T3,62.5,0.185
3,T3,62.5,0.2
3,T3,62.5,0.175
3,T3,62.5,0.275
3,T4,0,0.385
3,T4,0,0.61
3,T4,0,0.535
3,T4,0,0.26
3,T4,0,0.45
3,T4,0,0.39
3,T4,0,0.26
3,T4,0,0.385
3,T4,0,0.3
3,T4,0,0.405
3,T4,0,0.705
3,T4,0,0.575
3,T4,0,0.74
3,T4,0,0.77
3,T4,0,0.15
3,T4,0,0.75
3,T4,0,0.255
3,T4,0,0.275
3,T4,0,0.185
3,T4,0,0.78
3,T4,0,0.76
3,T4,0,0.49
3,T4,0,0.57
3,T4,0,0.275
3,T4,0,0.38
3,T4,0,0.4
3,T2,125,0.83
3,T2,125,1.03
3,T2,125,0.71
3,T2,125,0.83
3,T2,125,0.99
3,T2,125,1.125
3,T2,125,1.035
3,T2,125,0.955
3,T2,125,1.06
3,T2,125,0.835
3,T2,125,1.035
3,T2,125,1.935
3,T2,125,0.91
3,T2,125,1.165
3,T2,125,1.15
3,T2,125,1.525
3,T2,125,1.61
3,T2,125,1.155
3,T2,125,1.175
3,T2,125,1.255
3,T2,125,1.04
3,T2,125,0.895
3,T2,125,1.34
3,T2,125,0.92
3,T2,125,0.895
3,T2,125,1.235
4,T4,0,0.62
4,T4,0,0.92
4,T4,0,0.87
4,T4,0,1.06
4,T4,0,0.57
4,T4,0,0.495
4,T4,0,1.15
4,T4,0,0.695
4,T4,0,1.165
4,T4,0,0.965
4,T4,0,0.48
4,T4,0,0.325
4,T4,0,0.23
4,T4,0,0.25
4,T4,0,0.24
4,T4,0,0.81
4,T3,62.5,0.845
4,T3,62.5,1.195
4,T3,62.5,0.805
4,T3,62.5,1
4,T3,62.5,0.875
4,T3,62.5,0.965
4,T3,62.5,0.83
4,T3,62.5,1.2
4,T3,62.5,0.905
4,T3,62.5,1.04
4,T3,62.5,0.94
4,T3,62.5,1.005
4,T3,62.5,0.915
4,T3,62.5,1.815
4,T3,62.5,0.99
4,T3,62.5,0.82
4,T3,62.5,0.485
4,T3,62.5,0.59
4,T3,62.5,1.055
4,T3,62.5,0.78
4,T3,62.5,0.57
4,T3,62.5,0.885
4,T3,62.5,0.81
4,T3,62.5,0.555
4,T3,62.5,0.62
4,T3,62.5,0.43
4,T2,125,1.02
4,T2,125,1.06
4,T2,125,1.085
4,T2,125,0.905
4,T2,125,0.96
4,T2,125,1.335
4,T2,125,0.94
4,T2,125,1.52
4,T2,125,0.865
4,T2,125,0.82
4,T2,125,0.71
4,T2,125,0.96
4,T2,125,1.215
4,T2,125,1.61
4,T2,125,0.93
4,T2,125,1.23
4,T2,125,1.015
4,T2,125,1.295
4,T2,125,1.17
4,T2,125,1.085
4,T2,125,1.155
4,T2,125,1.275
4,T2,125,1.235
4,T2,125,1.32
4,T2,125,1.445
4,T2,125,1.265
4,T1,125,1.39
4,T1,125,0.895
4,T1,125,1.18
4,T1,125,1.095
4,T1,125,1.13
4,T1,125,1.065
4,T1,125,1.285
4,T1,125,1.08
4,T1,125,0.96
4,T1,125,0.95
4,T1,125,0.585
4,T1,125,0.89
4,T1,125,1.02
4,T1,125,0.71
4,T1,125,0.785
4,T1,125,0.56
4,T1,125,1.065
4,T1,125,1.125
4,T1,125,0.89
4,T1,125,1.03
4,T1,125,0.84
4,T1,125,1.03
4,T1,125,0.84
4,T1,125,0.895
4,T1,125,1.095
4,T1,125,0.995